{"cameraMode":{"drawMode":0,"name":"Shaded","section":"Shading Mode"},"sceneLighting":false,"audioPlay":false,"sceneViewState":{"showFog":true,"showMaterialUpdate":false,"showSkybox":true,"showFlares":true,"showImageEffects":true,"showParticleSystems":true},"in2DMode":false,"pivot":{"x":8.167490005493164,"y":-0.027965247631072999,"z":3.290473222732544},"rotation":{"x":0.05682448297739029,"y":0.07329865545034409,"z":-0.004185045138001442,"w":0.9956810474395752},"size":7.73173713684082,"orthographic":false}